uid,loc_lng,loc_lat
6747853fe4d3e35bc7f50d06,121.254309,30.792838
6716f682d88d1280c91b95df,121.287107,30.808662
e10cc3d6096b1ee7aaf0cdd0,121.278174,30.809905
fa01e937f42b2e49774ff1c1,121.370012,30.784075
9ee392b81b6edf40bbbd6324,121.356582,30.80928
8f5e9d5eab5dc1723a13fd84,121.352744,30.808425
bb557f10515944432cb908e0,121.41676,30.800273
5211d2191c83b3257dc8763d,121.18956,30.840432
251a4ad5ccb89478e315f9bc,121.238108,30.845889
61ced0f534998fb8cbc3dbed,121.321504,30.842745
40991ffa6771e7dccb213d19,121.365864,30.822033
db1f39d4e3376e6ef5c59c2f,121.36668,30.824195
44207646d9396568deee8bc6,121.350499,30.829205
cd9d05dd620311c885420e43,121.360695,30.823055
c06c8727a6d7732e373a71c6,121.416837,30.834708
16b7fd4081df77a0990050b9,121.433209,30.827858
50fb64ffc815385ee9f853e9,121.528346,30.845792
593850fb6a433b5cdf1e5224,121.335552,30.871867
ac284ea92ad9b779f5c59ce7,121.466787,30.869786
2e0ede0bbaf5d2e0cd04ef37,121.54158,30.85535
f3c2373c8fa2fc51d22dd6e9,121.560443,30.859056
d5f93c0e53dcfc5decdfca8a,121.70133,30.87889
f8601d556f7ed17429fc4898,121.15783,30.902447
befdb2924c1043e087154125,121.195405,30.89896
7390e472318ecc87b5147faf,121.207625,30.907918
c8e8f633f8d0b06dab0dd82a,121.232798,30.90849
f633606a276a564f0b69d92a,121.231913,30.910904
75e805d605d58e58705e802d,121.26212,30.896882
2fd2beabafb9cc517adbd251,121.262261,30.898569
f4a33da9c81bd20a3010affa,121.318951,30.887295
1c4d39756dd0ea7309a8d458,121.339567,30.899554
bb1d38e4856923330c0a707d,121.394025,30.906621
3ff1defd0cda27518c772766,121.431366,30.906242
5db1091fef36c8d81e580097,121.582443,30.897094
fdb4d4bce37790022fb17e98,121.74871,30.890663
0b7adf05791ac9152902e199,121.763766,30.906067
e82beae306d015125b1093d6,121.157189,30.929465
b0d056f28dc7e97dcac3db4d,121.197527,30.937045
e6ee2fd2315edb492b11d1ef,121.21668,30.934829
3da907f32042cd52b320a8e9,121.312857,30.9438
f633606adce77d300a69d9a4,121.40954,30.920456
42828626a2fc248dd8eceddb,121.442248,30.938798
7ea3240a47107d78465726bb,121.440052,30.941451
46e28e6d9f9f9ba697ec8470,121.44579,30.943924
becea0029edf5a580a5cb37b,121.440705,30.936498
2bbac6019b390f5dae31e5e5,121.47948,30.924141
0de7fb389662b08e59bbbc34,121.479217,30.937911
17422004f8dd3acdc26c14e8,121.496087,30.919054
5c56edd623430d5ba1d23002,121.519774,30.923391
7d5f3a0a56f34a482cb90850,121.630008,30.92161
d653cce610371d43c9fa5f43,121.630402,30.936232
b41d664e11d2c92e8a36eed5,121.607338,30.93636
2cf1d2bc184adea7bf484282,121.632784,30.930011
1bd967d5f7fc211543ab9a0e,121.679615,30.928159
25ec69fcefcb8a7ec36c148e,121.732953,30.937262
5817038c51466be117c8f627,121.742458,30.951682
a8d66e49b472ee551e1d114a,121.194721,30.980772
9e8c246e42991ec13be4a6a2,121.192234,30.961538
a3f21eee7ae0c7392fb17e35,121.193687,30.978826
98280d44b4b75d7ec9291589,121.409665,30.967934
49a02a7a1ee672432a201a94,121.398753,30.959168
8cba4bb059705885ad04573b,121.459363,30.965115
ddd917936fe20f9b0e3dda48,121.441209,30.960361
6c08ec0edb94ee564bcc4ac8,121.459188,30.967615
3a63a5e17c4d5c2602294f75,121.44003,30.959882
52ee86353b27f1f2b6147f52,121.464767,30.968808
f9abeec171f201324d776ea8,121.459165,30.97641
d3c9cb12b08c4095b9df8f8c,121.452362,30.956114
eba405f6b0f36de6882fb5a2,121.468749,30.974142
af09c79b20a6caf3d8eceddf,121.489957,30.957002
71d890d67da0a6db9d9d682a,121.487448,30.974216
c8b5cdefab779e02130daa38,121.484805,30.983121
4dfbf758f492da335a3ac8f5,121.586753,30.981025
5817038c51466be117c8f627,121.742458,30.951682
dc0f0adcc1d9e65ff92213a0,121.745731,30.952552
bfce4aecdf5f3fdf2fb908de,121.773592,30.960299
4bb049d949ce5046990050ee,121.151094,31.004393
d6c5d99134e8bee930169be6,121.150681,31.00769
56f2f696673d37810aa8d4e1,121.14323,31.010942
91ccc490eef6e715d4b74ea6,121.157037,31.008946
a55892025ed28cdcc27da27d,121.14561,31.018355
8ea96888c894dc38740269e9,121.214515,31.002583
6ed3083aea8236b42b3a9f6a,121.206714,31.002793
91c13f9366290afb21f017e1,121.176339,31.008006
1020060fdca6afa71894c6ef,121.225505,31.005299
bca8a77d859543deaeb22ad4,121.236146,31.003621
c3b9004053774df3c61e512c,121.229873,31.000938
04bdf4a3d75d074e354aaeec,121.225215,30.989839
06d2dffd5db484f788f15dee,121.225861,30.988251
b56b55e263e8066b8f55eca7,121.230455,30.99608
79086c9da69c9cd830621201,121.219325,31.003692
403c62146bde6a4446e274f0,121.279452,31.01033
9ee392b89475543cbbbd6334,121.265572,30.995912
7aea43b7128da6f97d29bd9c,121.285562,31.014811
005861085b02f9db47e27488,121.311768,30.987632
af8c2e2e654b323b3a13fd16,121.307834,31.003916
bf29b7026d785b9809b93a60,121.381929,31.004201
2848ffd6d28b4e0e48cc4a18,121.371805,30.998121
57cd5dfc3557ef85157643a4,121.393511,31.014588
b21165a33674160c83a00c97,121.388234,31.006273
e3a7fd13985c1f5328b97c36,121.514884,31.007151
9ee7cc78cd70787116c90536,121.518345,31.008245
50f7d14684a4e7ba72210b58,121.588176,31.014044
637df60ab77c537340afe613,121.565571,31.012013
3e6c975382202b7a2902e148,121.622284,30.990403
cd9d05dd525121b584420e90,121.603854,30.993404
2bebfcbe4804c257cb213d52,121.668397,30.988937
7290521ebf921c3240e19224,121.155273,31.034567
a55892025ed28cdcc27da27d,121.14561,31.018355
8a87ab7ab573016ff6c59ca9,121.15077,31.026229
8a7820836ff0bdaa17948e27,121.175276,31.036888
fa5f4c28e9f6818ad518b7ba,121.212765,31.031346
69fcd6dfa9e2242ccb2915bf,121.245974,31.023959
db1f39d4e37c6e6ef5c59ce6,121.250474,31.044694
4bfbf6a10e812a7df7b9161f,121.224776,31.039788
9f97b1c5afc09705b74f54b5,121.28598,31.026206
edd64ce162e35d903ee2319f,121.262583,31.028651
108b1ceaa6ac39ad3486f49f,121.275735,31.03209
49a02a7a70e868412a201a9c,121.265971,31.024689
573f21af6367071bbca8223c,121.275984,31.044295
4ad986209994bb9f8605bfd1,121.290316,31.022547
56e88cbabd26551ba4c75604,121.283112,31.021244
1bf85b25bd1922daa1a9347c,121.277647,31.046752
6b3b9f6f11a32086c5f50d7e,121.295111,31.027269
ddd7a8cec28d3b35cc06a44b,121.296592,31.044127
d4034eb3cc87618bc036442b,121.330575,31.025411
161a0ed28548ec2e5cd4fe42,121.335477,31.040691
77fc651a833f0fd6b54f54cd,121.329971,31.024974
5c7bf9b283d85c0a621809a0,121.305442,31.034346
36c7760a2ae248cc72210b6a,121.331541,31.027025
825213e491843dce4d776e64,121.333845,31.026255
3507e3ddfb6cc219c036447b,121.331255,31.023154
ca5b3739f4aadfc374e5b6a3,121.331362,31.026836
a582773a39de322df32d837b,121.330045,31.023581
bfed3162d6da7623441a329a,121.307242,31.035368
6d9b3f156a1d56b5a8f7293f,121.317473,31.026546
90e745a11ed2316ec5effb8d,121.33137,31.026566
d41ac7af30f8684b601c67f0,121.31063,31.031866
ffd6d40394ac9ef116b54bbf,121.311725,31.038782
1062f6ba7175afc38bdb7315,121.326189,31.038298
1377bbc2de3ec8c9f8dc85ef,121.330298,31.02357
c00752b03ff329bdf4eafc2c,121.306687,31.039193
c8350b0b5a8f3c648c55ecc0,121.330621,31.023552
43e3bacbea72ca81631c6703,121.33355,31.033895
d146b388dff961df7502699c,121.32524,31.046198
7a483bc7315e50ecc1f1cfbc,121.30581,31.033905
aa40108b96a83e6bc5effb59,121.362577,31.022745
e9bd81430382cfc2deee8b7d,121.4059,31.052916
ec8d0506d4fc0ce640afe66a,121.410673,31.047081
8d900419c808f8b2b020a860,121.459224,31.028855
1adf7a3d0dade25a2b201af3,121.451181,31.023989
7a4fa2cc8238d91bf02d833b,121.456312,31.028686
931bb0f07246c85fc9fa5fcb,121.46401,31.028011
e95b359dbd357fbe8433041b,121.437539,31.04428
f3c2373c65c6e653d22dd613,121.536975,31.035759
f60a15edf25fbdedbb17e713,121.558414,31.03285
cd9d05ddc2e5b1cb85420e21,121.617311,31.035285
f9fd60621347c5620f0e6b21,121.615957,31.04239
1a5390d4195e8699cb213dcc,121.614373,31.037235
3be122e194bde62f1ef74d21,121.616421,31.044187
8fde79ccab1774be94ca0783,121.735471,31.043132
e1185dc6389e9d40f90cadd8,121.735297,31.030981
48eb0058552c53ac2ee67bbc,121.785797,31.046716
05584059b9c32f3ad0ff239f,121.194455,31.057482
34c0d3ba83f8a7eb87154132,121.289626,31.065543
c96ca75ffa7e6ba0a20464bd,121.298123,31.066311
56b8c7a8d451a8407c29bd10,121.321423,31.057186
b854eb40b95bc10d3210af1c,121.322803,31.053849
8a50e15a75f0923e6e20b9f8,121.303943,31.065878
f86ce0f9ad9ffc56d13ce3cc,121.36728,31.086377
c3b9aaa9d8a0d64172455b57,121.374214,31.054254
f85a12d91cf38da23686f44c,121.35674,31.072869
f3b4e5f59882181926e0a0af,121.353603,31.069563
148662ccdd8ff212c72ba156,121.380488,31.070214
5211d2198a1939597cc8769c,121.352668,31.071482
14076deeea8128f502294f1b,121.37851,31.078716
7dffa965921cf49c8bdb733f,121.359654,31.074746
d24e48ebabefeac9afee7a24,121.418836,31.078668
e9bd81430382cfc2deee8b7d,121.4059,31.052916
a6f4fc6e887599b5ae31e55f,121.40781,31.058116
41638f0f4d227710b5f42f21,121.395562,31.078222
28b361ec44c17f014107c15e,121.425772,31.070258
ef0c8fe0c228c625f7eafca6,121.424365,31.071848
72937ac41f712674631c6714,121.423327,31.077786
7806821e86f7926ac7f02539,121.393039,31.080134
44207646485df416deee8b24,121.401356,31.083252
3c0ea7c5eb6f109dfbf0cb11,121.425667,31.066503
a4216e37d80636024c6d4602,121.41813,31.079975
9784c19186c3fb3845e27437,121.391679,31.073742
ef02709982e7d2efa01de9b7,121.394624,31.080355
5fa374205fc8b9b22b06cecc,121.424314,31.071792
90037f33506165524c6d465f,121.425412,31.071201
8b7165f0e952ecaf2bb97cc1,121.424681,31.071867
ad5b038be99f08e7c03644b6,121.424448,31.072431
79dcca169ac2c25c028972f9,121.456956,31.067909
0f8b7b98c79f434dd8ecedf5,121.436288,31.075214
cf85a68a30b8dc736ca3cc0a,121.457554,31.054929
12efd8c3cf2de055ad080f82,121.460408,31.05981
468e671b98e1d489922ca38c,121.52356,31.067772
5b8ef2a0d39ba36efea77821,121.52646,31.069678
599d6fb3c65a5136c7f50dc2,121.52014,31.076262
1143c5e36ffe74e3aeb22a42,121.528207,31.085538
5e53af1a65faf55e4151c013,121.522267,31.079669
626b9ff58213da3521026255,121.591002,31.068797
e3e2cd9d4fc27ce2c6f50d81,121.590624,31.063094
3c0ea7c505bc0a9ffbf0cb46,121.197664,31.115946
34e48508dbe7e9e3d9d8919e,121.197163,31.11637
e9760a8f211e9a598bdb7353,121.257428,31.098976
d75daf1cf6649a91c1f1cf82,121.257955,31.100961
d1469ee775be041f843304d5,121.266546,31.097575
680fb703745f6fe28ab988ab,121.284483,31.094878
985aefd735fe093e5e0d0299,121.294235,31.103267
946b593992b87cc51b94c610,121.267334,31.092031
925c550fb8a127b15a3ac84a,121.263095,31.092137
28fe8d7ae0a0010988b98803,121.322162,31.102896
332611803d02d880ae080f7d,121.321094,31.103622
4ea3f2f1c83d93d7aecb66d5,121.325877,31.118286
0dc3d82d979c746d74e5b695,121.323465,31.117919
f95a55b185ed741b0f0a703c,121.3112,31.111043
b388f9fd456f8840b25c6a97,121.316872,31.105032
07d7fa021cd94499c26c14c4,121.325011,31.116939
71ee042b66d4a7ecf6e73b06,121.330475,31.101379
5ce2637d8e5c3e2fae31e545,121.312132,31.107324
be54cde9559d2f5b78f79644,121.312087,31.110915
ec2fbdfe4f15fee6c909f0d5,121.316096,31.109969
b2cb7f3130fe67e503ec0160,121.368881,31.117373
f86ce0f9ad9ffc56d13ce3cc,121.36728,31.086377
692d268c66c2ee5eb05c6a06,121.375265,31.102564
c45e508cdacb51e82b11d1d6,121.36757,31.113892
2bad9f74576781c08e7727cf,121.373346,31.090717
a8d163e44f45171d0482c2ce,121.369378,31.117452
f0a7a91480718c2939221cee,121.408342,31.103472
80f077730dcc11d60f0a70fa,121.424293,31.110916
c83dba5f0fe0324e2806cebd,121.421945,31.112937
9fbfeef2533e6c44ece4a58e,121.396714,31.091775
bd62ecfbaf7701c52fb96d4e,121.392549,31.097883
e57922991029ab22cc06a4ee,121.41946,31.114962
01694e9246c986933062120e,121.39307,31.092709
56548fe6d93db0c05bbbbcb4,121.450363,31.105461
0552a780cb79d98db817e706,121.447301,31.100549
e4a6ff32f94a3bbdeb1e97f5,121.459054,31.113298
d0223ca873adf1c8c9291542,121.448883,31.092162
8d96925c3b7cce46c1f1cf6f,121.450539,31.096372
435d7aeabf14e8345abbbc3d,121.454658,31.107737
bff8fa7dd84b34a1c8213d3d,121.457075,31.09889
6d0127b22eefbea5b23c8128,121.463709,31.093281
501d4a4ee59cae1e88fc0632,121.448672,31.097058
f3c2373c65f4e653d22dd63d,121.441576,31.103213
aa40108ba9481514c5effb02,121.450572,31.091024
3e1a0aee7c6545f1a11de91c,121.441138,31.102909
6d841927ec0ca66d3be4a6af,121.453878,31.11272
b292b3aaa0296155be484269,121.448892,31.094368
21d578cae913a9c1c51e517b,121.463476,31.09592
108b1cea8cda23af3586f46f,121.435604,31.094671
609629128d9c8ac79868b4dc,121.44253,31.088198
f473f72e4ac3c3a48a36ee2d,121.436381,31.095259
7c5e480b1fa27ecaadb22a69,121.506798,31.111424
14b1204fc185e8b28bfc0674,121.521972,31.096551
e53332ead5b2a1169122e0b9,121.529438,31.097967
7efb99e9bd9c5efaf82d61d0,121.528988,31.096143
6284f002953622524bcc4aea,121.544733,31.10649
c0c89a5db26f85f31b94c63c,121.516967,31.092675
78bd50f797e39e5a31870a3f,121.537376,31.10409
1143c5e36ffe74e3aeb22a42,121.528207,31.085538
32a84c51413a2fb0c7f025f0,121.52068,31.091701
7eeb81dbf975ddeefda7784f,121.535804,31.08908
aa3c5bad4708afd14e2fdf61,121.536588,31.108759
9213f37654cdd3426268589f,121.57873,31.100841
a0d181b96e40d2ef9ff779d9,121.575135,31.098242
3be122e11e2f6c531ff74db8,121.57442,31.102529
c21db9e5ba90938201ff2db8,121.577384,31.104228
1020060f094b84d81994c687,121.583724,31.098157
613c3d9798f255cf7c29bda0,121.587437,31.113989
8c98f9a43c41e80857bfff90,121.581691,31.096494
ef773a0fe4807235230220b8,121.620204,31.110911
ba59cd78ff4ee28bb6f42f11,121.632939,31.10869
83386194ab41959b42d63e38,121.621766,31.110372
bd0d09858784c8aeb05c6a65,121.619593,31.110151
e0addca9c2c1ed865fd4fe2f,121.619183,31.110725
92ee0a506da93b943be4a629,121.621281,31.110863
1bf945e82525f4594e776ebb,121.620122,31.112087
74c933fb81bf77209f82eaa3,121.634208,31.105621
fd63e29bb46ef6f3c9fa5fb7,121.621505,31.110598
ee5756f55dca851cb13c8138,121.619366,31.111189
05dcb59b23887cc9ebe5825d,121.62145,31.111638
a45c6026dda5e7179ee321a7,121.652988,31.088246
78bd50f7fd19845831870a43,121.707161,31.111372
b5829871b7ce9ad19fec2bd2,121.78117,31.117722
39d43f82deb323f8a8059d7f,121.19004,31.152024
750ec165d84fb4554c3a5950,121.291961,31.141113
96b672aa8d197574cf04ef9a,121.280947,31.131797
be54cde933cd355979f7969a,121.2964,31.143361
9ca6ae4bed8a5f30f8dc85c2,121.295587,31.135289
e96b4420dd1c695a82288a44,121.287158,31.151966
163520474f4933a7c9c3dbbd,121.290707,31.148497
f7dd54084d4b210258f6be8d,121.314231,31.121113
50f7d146b5bad6c772210b41,121.303148,31.131962
764672e5bcdb22ac95ec8494,121.306626,31.12538
0b0d36e9aa628e5cad31e5c0,121.332774,31.145148
b292b3aabe577b57bf484295,121.329048,31.1294
f374c473a96eaacb04fef5f7,121.306545,31.137565
3c1cfc621f00eb0aa8f72962,121.32865,31.149249
fff968238fe96fb7d1ff237b,121.321707,31.126315
877dd69aa2c2dff2de1e52a4,121.327628,31.148867
a72db66c95d8d3aa2afc4868,121.366318,31.137038
d8988ec4932ec2b902294fbe,121.356192,31.125454
b9e5d0b8f8a8fdbd81a12e09,121.355096,31.127307
72e57fd71bd7e2d2f8dc85da,121.359334,31.122533
0d1153608f729c605d17c334,121.363292,31.128575
17c6e6ce541d24a2ae31e563,121.355608,31.126477
c327e227c2ff868f1ce9993f,121.35212,31.142661
1b1b23455c2b99572cb96d67,121.366584,31.140896
72761d934a1d893ab8bd6305,121.371605,31.139521
83a3647921eca50652e5c58b,121.352203,31.140633
96fe0ab7abc967097adbd233,121.35092,31.142298
bf465b1ae7224e6fa8f0cd92,121.35157,31.143137
e13c0a8cf7b43bb154bfff27,121.419681,31.130583
f38cdc093e80721d30169b9c,121.390135,31.139745
1b66c32e9dedaa883010aff4,121.427193,31.131651
3ee517da28ed5bd8b1077d9c,121.420769,31.127806
ca7da859786cfff628d7abad,121.427498,31.131693
c2d6c71c16de81a859bbbc51,121.426612,31.131531
264f38554a24d634f8dc85d4,121.426555,31.131254
a2c855144af15470e8e58270,121.427465,31.132
e489db7f1d13cacc6f47606e,121.426362,31.131692
2d60b885356365e4eb12e405,121.410012,31.140977
4ce10ce60f5cd9a2441a326d,121.458206,31.149755
7983948acadee7ea0ab93a74,121.45543,31.14383
0c5ded0f14d1c0545b109310,121.460108,31.141898
2c2d37d258cd32905cd4fed1,121.455095,31.147708
90f7845531a6c8ad8c1a89f9,121.431167,31.133166
702a4a110c8eb28ebda2404c,121.5018,31.141768
1781abe95f7466f91ff74dae,121.482612,31.132485
69819158ed65ad0f5a3ac88e,121.500606,31.141248
eefce26d8563a8ca02897253,121.506861,31.144579
c5ddcc081e9f2bc7d91318a1,121.531548,31.130853
ba34055716c0f80cc9fa5f91,121.530059,31.125521
ba4fcb93d2fc4b86bbdf8f74,121.522996,31.122975
d1d217cc106b879fda2f28d9,121.57607,31.152107
bd5046e8f2fad640d62ce2b9,121.560644,31.137129
58b7ea5234cc0432250bd009,121.604535,31.136189
693a916cf27e1bb92bd7abcb,121.632383,31.143819
5a6bd3f35beeac071811d50c,121.614106,31.1367
49d95938a5777e40c61e5111,121.614312,31.134371
7236ddd6528c91aefbf0cb1b,121.6134,31.138122
56f2f6969aef1cfe0ba8d4b2,121.61158,31.134078
efcb2e38bb29b7adb020a851,121.629816,31.134286
c3f9985b6cd0c56403ec018d,121.612461,31.136524
08d923c84df2db99abf0cd13,121.626577,31.12459
bada58995bc81e1aca1b95c4,121.718281,31.126727
c8b5cdef85578400130daa1a,121.781906,31.133127
669775d06731295afc0eb0b5,121.783844,31.125414
d305db1f8bbe1440932ca371,121.77686,31.145369
0ce65c2d800092272c473382,121.776512,31.12886
5b90fb613f9eeddb97ec8433,121.776963,31.142582
8eb48fa1f4ec14a7f22d83b1,121.142379,31.168997
92fdeb8a0037f8e2f02d833c,121.1724,31.170898
a61c02b28539e30b7402699e,121.172664,31.170819
a07e154e0e41343b306212ac,121.18531,31.164314
38e48037982e6e48373a71c0,121.204847,31.155409
953c18f5c0efd9888505bf7c,121.188281,31.182338
39d43f82deb323f8a8059d7f,121.19004,31.152024
a17b14baf72c4ffefa0cad30,121.299793,31.170357
b86ecb903541936c2efaa7dc,121.317601,31.167586
89c1e33790dd9eeef8f0cb93,121.326611,31.165202
978aeab2c25ad1dc6e20b985,121.362475,31.171795
39d43f82def123f8a9059db9,121.37576,31.180924
9807cb6bc7620387734b87ca,121.403743,31.173237
20260da5530f6d120482c27c,121.404884,31.169731
8684c5c180a95f9d35b06c53,121.413478,31.168266
be1ea5efd852adbc14948e41,121.401209,31.170474
b50566307094ab0863180913,121.399173,31.177615
0341b243fbc33d543686f47f,121.419169,31.170174
84813c0254b8106e100daa07,121.409407,31.179513
d24e48eb358860b5afee7ad0,121.403355,31.167799
93df0dc32b8e662a882fb53d,121.407529,31.164031
5e6db46dfcea23c72dfaa7f5,121.405633,31.178787
3fe37e1d154b4f7b85420e98,121.419185,31.170061
2969f66a950d3034601809f5,121.419187,31.174768
bdf6157b63bb75e0e8f853b3,121.412079,31.171618
cc06d159f66440d26849f3d6,121.412666,31.16673
dbf4d6ee0b8a8d2b6fa3cc36,121.392655,31.174866
8a469ae5213f8d6df8dc85de,121.408969,31.176001
a5196e6305b02ae95fbe86f3,121.422217,31.178138
cb4fd1469b26f9409d9d6836,121.399104,31.175345
f1f5cac5d0d5759936b06c3d,121.396858,31.17187
d6a5deebe43cb11d9222e08d,121.411206,31.173166
c7fdcdc9c3d7925517b54b9d,121.409628,31.172546
0db68a7063a051b93b221c34,121.410219,31.178222
db62bc18bbf9796facb22abc,121.423939,31.173994
28e700f12b340500095cb3d1,121.416888,31.169537
8fde79cc1b9424a695ca0715,121.415627,31.184477
14076deeebea29f502294fc2,121.409838,31.184822
f60a15edd532a6efbb17e7e6,121.407625,31.179971
a3f21eeeda69673a2eb17eac,121.413164,31.184304
844a750e21c00ca062685816,121.406799,31.183533
15ed53ce38ac5d579222e0e6,121.408755,31.181766
c61bd30518e5226bc27da2e4,121.410786,31.180325
ee8ffcb35921102e2cb96d2b,121.393885,31.169878
bba87388ece548debda82287,121.414344,31.182902
853ce146e99963a8077ce8cd,121.393628,31.170878
d9c67830b8caa735b817e74e,121.412543,31.18564
e3082848f934d5beb34c49c2,121.413722,31.180265
d991e116f79b46281f3894cd,121.433759,31.169356
d4034eb35c42f1f5c036446c,121.444441,31.160416
f924cc1ada7e6a8b01294f0f,121.447369,31.161757
f1610a47a82399a3c5effb9c,121.436478,31.176888
7757d8ff7e4ff9c171210be6,121.448564,31.179146
5e8e4bab4ec7c8c8cb213d0f,121.450668,31.178044
66328b593cbdf1cf5a3ac891,121.44234,31.159878
1020060f3921b4a51894c66c,121.455961,31.160285
6deee3082f98fe6b29fc48d0,121.459841,31.154812
92b806d26e292d8279b55cc8,121.452067,31.185053
34e48508db31e9e3d8d891d0,121.460843,31.155415
08191016efa3952b8936ee9d,121.445433,31.160694
d5f93c0eb4701d5deddfca2f,121.433091,31.169028
c265653515c85f2a9b0050de,121.442074,31.159312
ab050a9cb26b6ec3c16c145c,121.459698,31.154715
09c240ef3b0f45ed30870ab1,121.43746,31.166782
69d8a7b1f76ac2755d0d02ce,121.43274,31.174419
9bbedbec9e04029d095cb3cb,121.498991,31.169722
e8ab5507d4dc6000a2d230ae,121.510247,31.171688
f757e6eea0e9bf16270bd0a5,121.503215,31.163759
43288205e0a87caeea12e450,121.499065,31.16969
b0034b85f847b0ded7851f77,121.504236,31.162614
9249938175cdcf0351e5c503,121.521905,31.165715
217d456c42d7115f9122e02c,121.528048,31.15864
8c0b24dc3de178295cd4fe84,121.553763,31.172899
4a5a0f065e4bffb9f50e77c0,121.575798,31.173691
d1d217cc106b879fda2f28d9,121.57607,31.152107
c372d0d27d455752220262ab,121.565599,31.162739
51016b2bfcea14a2eaf85340,121.58511,31.183018
f0fac6da98c6069ca4c75672,121.581283,31.183213
2997963b3272201f734b8703,121.585037,31.18569
3bba9560ae2de055901fc95f,121.5755,31.155724
2069bcdf508b5f087ec8769f,121.567296,31.155865
9bf99e71627bc91e9c09f7c8,121.572544,31.173707
a1347dfae98f5727ad045713,121.580467,31.183417
a3c5849f8b6a7d11a10464e9,121.624725,31.167792
406e47551f4439611f389481,121.62517,31.168599
507ff71882d86cb31d58001e,121.639705,31.166423
16a290adea5655684bcc4acb,121.609279,31.180167
7a0b5e0aa664f4eba8f72956,121.637231,31.175727
2ca3bfb041398062931fc989,121.634926,31.160954
f8db6ad2a191c9afca09f028,121.611733,31.183082
d6ed0b954fc5945f128824ed,121.620761,31.186609
63739d7035a2a15831f71de3,121.711679,31.173972
745952816ab7ce342ce67b2d,121.713042,31.165602
5610450fb6d6d2b4f01937ea,121.71342,31.173999
d4034eb3b672ebf7c13644a3,121.718277,31.162543
4662990b21051acee311030a,121.71076,31.16269
a7c56ee07a7c1cb0a3acc446,121.157169,31.187629
f81f59549bb34f6d83a00c04,121.164431,31.204871
5c56edd61fd91124a0d230a7,121.159241,31.193794
fe7325dcf56e330ac42ba1ec,121.136095,31.204766
2e00c5dd02d0c261d7851fc7,121.185931,31.194082
17d0a483814d2b32e812e442,121.226937,31.214638
7d18ab5879829e9196ca07fe,121.228178,31.21482
aaa4d8e5eddfba202efaa7f4,121.253994,31.207917
f362c26ba16321c25d17c3fc,121.27622,31.199848
3a8e7cc2b07ee93031870a25,121.282411,31.19943
1a2cf7c43c921043734b8795,121.274027,31.205304
7bb8d4b5f6e87e4378b55c22,121.28167,31.199032
2848ffd65369310e48cc4a75,121.277397,31.219734
d0c2d50ca11ea2cd2a02e12d,121.271866,31.200843
d502a4476c6ae610aecb66ad,121.27375,31.196814
6d4d058594f38e4c3904b153,121.27152,31.195469
744aebfee7e43e31223bf247,121.278565,31.200013
ae29a1e1f991c1a743afe67b,121.277851,31.20232
3f9337d64470deb2f62310ae,121.278882,31.201313
643dda4d9e4df39614c8f6e0,121.273793,31.196742
15794d93a632b7b50b1cc761,121.281251,31.2007
e7c0a8840f5b0cff07fef577,121.278871,31.201393
9c5ac1f9f0a36ed3f11937c4,121.276146,31.199852
90c48c09337ffbe5593ac84c,121.279229,31.201271
2848ffd60f33657149cc4aae,121.278663,31.202385
cd9d05dd356938b784420eae,121.280845,31.200811
d11c5560b2a4fdfa17c8f6a3,121.279069,31.198431
ec4b566ce07feed1f42310f6,121.281377,31.201133
4f725375b58b8c1a96ca0760,121.313556,31.191499
fd9ef71febc35e0529fc48ba,121.378506,31.191282
5c546c71cbe9d21233169bea,121.37586,31.212382
2132f5b44333acc97369d3f9,121.42502,31.209937
cc5c4dc35df1ada1774ff1ed,121.409069,31.191709
24719e999374094d59bbbc75,121.422507,31.197609
e29195a8b6578cd3fda77827,121.409384,31.210309
8ab0dfc43c217317d8eced09,121.415287,31.217034
578f291592b2e91b266e9861,121.402685,31.211393
d9c67830b8caa735b817e74e,121.412543,31.18564
2ed3ef8d6c1fdd6df723100a,121.424,31.209729
37f584744841a2a02b06cedc,121.423786,31.209231
2fd2beab5663d7537adbd209,121.401415,31.218534
908ee821d3d133a83fe2318b,121.414803,31.210138
ee06de4c8d38fdb235b06c3c,121.420474,31.21539
9b395d050c1942318ab9889c,121.414789,31.210054
eef2d528d06e11a63be4a609,121.426454,31.20627
7747669db777967cc909f0fb,121.427186,31.199634
9cd7cfa6c83334ca31870a02,121.419815,31.193503
a54feab4720b8d2d6c476038,121.40101,31.218878
f053e29163bb41a2d1f49eb0,121.402576,31.219575
7e57808605662951750269b2,121.413635,31.186241
083a55fa91f7cd7a246e98e6,121.449094,31.196164
1fe94796626e7b4638221c43,121.456166,31.216108
75d0881ac605014c3a04b1c2,121.447595,31.193287
e93761f699178b0d223bf2c3,121.443856,31.203238
567f03e87fd1549abd484270,121.469358,31.202056
bba87388fad75ab9bda82292,121.466387,31.210717
d219bb1d0807818af50e77fd,121.465808,31.194144
71119e1f3de587032806ced8,121.434721,31.199771
cf17e9665b10cc20c06c141a,121.457344,31.212355
dddc1f5de8adf284d2f49e5e,121.438785,31.202034
dbd4271e1ec0f979d5851f66,121.478046,31.208485
53349ee316a19c1323026286,121.492809,31.205234
a9520d76a133790dd6b74e55,121.488512,31.208843
c9aecf4f09e000356140a90c,121.485991,31.206375
5e839922674febf32cb96d9f,121.490362,31.216946
acf8319ddf497b3599005090,121.501608,31.216175
cac5fc7665ded0f02cb96de4,121.488216,31.213906
ea4a667ee72d9d82931fc965,121.48968,31.20775
6b600a19ba317f832fe67bc5,121.485907,31.21272
48eb0058d3add1ac2fe67b3e,121.48707,31.213524
befdb29206f709f88715415e,121.471463,31.204669
760d6d3f2aa93917f4e73be8,121.484182,31.21246
58f07b054620413bb5f42f54,121.474433,31.204732
3b9838029b9b8cae250bd056,121.535965,31.202588
c731b714b524f8920c0a70c9,121.530592,31.1981
6835e3a7ef3f8830e21103b3,121.518274,31.194646
bc06971fc497b9b100ec015b,121.51681,31.194011
29a164da264119f1770269d6,121.529447,31.217843
c6e8bd86954eaa92dc1e5229,121.594565,31.197921
aa40108b85ca0916c4effb82,121.589794,31.196898
56e88cbacdb4c518a5c7569b,121.588274,31.20311
33fbfa83a1cfcbbc0af5ebb2,121.590036,31.202397
8a065b6337486e87a9f72983,121.594005,31.203766
2283fb6b887221b815a190fa,121.588288,31.205337
3b3a9f4962d0127d41d63e05,121.588645,31.210212
3be122e11e5c6c531ef74d45,121.59106,31.213271
b3c2dd56551b6493ca1b9540,121.592268,31.190963
3a21a02582e145affea77864,121.593839,31.196714
99bb54925ce57d2709b93a1f,121.590018,31.20606
d24e48eb350360b5afee7a45,121.590077,31.199535
5b25f4467b465deb10293546,121.593282,31.211912
6a4507e150cee0a1932ca320,121.593266,31.210599
79cceb36c7c7e6f41e5800db,121.591185,31.190362
4fd4627f189f839dfb2d61f2,121.624219,31.201325
c56a4a9d5772c6fa283a9f87,121.605834,31.189467
837e6c4211411acddbecedee,121.6218,31.197024
565b4d8cdcaaafd2badf8fc7,121.60963,31.190117
e3e2cd9d259c569dc7f50d5e,121.612873,31.198676
59be3559157665c54207c184,121.612993,31.206309
14076dee9e0ca48903294f9b,121.628372,31.200078
b7021bf82f7bf5fbf4e73b46,121.613048,31.194514
3c129e199c34241a3a13fd97,121.610079,31.199236
13bba99bcf89c9cefbdc857c,121.609734,31.201759
5c2dc21df8b2fb7a6fc02c44,121.610656,31.208261
d6ed0b954fc5945f128824ed,121.620761,31.186609
7af5656322ca64aef32d839f,121.617406,31.214902
c9e6fb73115f5c01aecb66de,121.614324,31.194803
d86c10e57943d2ab7f29bdcf,121.614149,31.193589
c475cfb7c7767fdb49fc8d34,121.607515,31.215003
b0304676031953b2a7c756e7,121.604605,31.214224
fc0b205dee7626f7ed74f8b8,121.618393,31.213222
5b5f0fc4a93ce068b726557b,121.692663,31.217216
2fe1aa455f1252cf45572674,121.749846,31.196153
44207646d86b6468deee8b10,121.156329,31.252955
a6bf318c5b2dbf4185420e6c,121.21239,31.233745
a859410e10cea94fd3f49e3f,121.222761,31.242951
00b83139d799d58c704b8706,121.266382,31.228218
89fd4ea36735d13ae5e965db,121.272169,31.240592
2848ffd65369310e48cc4a75,121.277397,31.219734
a92500f82d654ff6b726554b,121.28911,31.230429
eef2d52886e63bd93ae4a6bc,121.288376,31.222818
d4c35078730f343214c8f620,121.320926,31.239415
47189af22849acd62806cecd,121.330302,31.237881
6fa77aa043da62d3373a7170,121.323849,31.236477
32dc61b14801c26afda778e8,121.325546,31.244369
c5312781378a9c44f942b296,121.308005,31.237958
37108a62527ca8af96ca0728,121.337908,31.243382
a1debabfd3694e2e3a13fde7,121.335311,31.248025
d991e1161734e62b1f38947f,121.338872,31.243739
1624be36e26c4b1ed82f28c4,121.339126,31.244025
3ec7d8f344b7ae2c7adbd22e,121.337805,31.245964
6835e3a7e56d8630e311031d,121.35642,31.240183
75036835f09ad6d15f0d02a2,121.378687,31.236794
d227cbca25ccacf696f08c0f,121.358164,31.226664
6c82b590d7517d0b0f0a7028,121.360081,31.224047
4d6e225cc5f7a7372dfaa759,121.357921,31.237922
cd1593aa853900ae93114ce5,121.374993,31.237861
4425ef7905d77268100daa5b,121.369798,31.232443
2ad32cc35160f78e9d95de18,121.365465,31.228005
beabdbf45b3287997069d3c4,121.375145,31.240315
4063231c52468655d8d89113,121.362314,31.222846
b388f9fd46c98940b35c6a35,121.35073,31.228433
165ad968cb87aba132870ad3,121.355971,31.237604
dbf4d6ee0bf88d2b6fa3ccc4,121.381011,31.237008
5fb70928a31bab825cbe861e,121.379387,31.238245
5815453dfe4585cf213bf27d,121.360724,31.226247
72e57fd7e0cd69aef8dc85c4,121.376191,31.236515
d7d10c7c600bf1a4f9f0cb54,121.36438,31.223488
873c2a425e6f6216f6c59c36,121.359889,31.248072
d5fc773ab48985b6ea12e455,121.360031,31.248043
e161223b56b36a362bd7ab1e,121.394917,31.239475
249c82d4d7278b3cede4a543,121.397705,31.240756
c66d547147ff49c8b54f5464,121.420307,31.237176
1020060f39acb4a51894c6e3,121.411922,31.237612
149916409646d08c95f08cb7,121.422598,31.226132
39d43f82b4440987a8059d09,121.412081,31.226432
fd13a3f22508d5fbb1077dfe,121.397161,31.239543
2e00c5dd02f2c261d7851fe1,121.393904,31.239851
48eb0058cbf2d9d02fe67be1,121.394396,31.241207
bba873889fe37ddebda822bd,121.412757,31.226096
aef7e249db72f0114251c05e,121.401126,31.228564
b27eb5d7c88305582e4733b2,121.417882,31.233011
952ae35213c2e40c5bf6be84,121.465577,31.242606
04bdf4a3828a2c31344aaeb8,121.449784,31.240099
78bd50f795629c5a30870abc,121.448143,31.234935
606289fdb7e6d933a2046455,121.438041,31.24558
794f7bf2ed5ad0832bb97cbd,121.441148,31.226371
0972b5cd16a49029b8bd630c,121.454667,31.232279
3d7c069f75330d5ab05c6a0d,121.449036,31.228759
442407ec878aa0d5f60e77dd,121.432868,31.231571
e5fa29eef86bfe81ca09f01b,121.449994,31.243107
fa00fb40d81b398fbda2406b,121.451207,31.236522
69fcd6df22049f52ca2915da,121.436799,31.248667
15a93810efed71c014c8f608,121.451899,31.244026
81dc74532a5762bdeb56fa63,121.446834,31.252135
be54cde9564a2a2678f79612,121.458647,31.238984
71373be50f4abc912202621d,121.44301,31.238937
24d05508697b4ad1138824a5,121.452553,31.246945
be1ea5efa198b6be14948e09,121.434039,31.231321
49d95938b4894f3dc61e5168,121.459976,31.245301
81517e1c0fd404215cbe8600,121.443008,31.239015
2fbe06392807b520d618b70e,121.46494,31.248209
85ec7cc9d673e17a89f15d88,121.438424,31.234459
37e5fc72c40d2db4e9f853b3,121.437148,31.224453
637df60ab5c9517341afe6bc,121.458338,31.24663
cd6d6932d27bdf73c4f50d4f,121.457639,31.245976
94cd95b0dd5cbfeb9322e0f2,121.430311,31.23703
c9254592ca534ff7d22dd6ee,121.467001,31.244958
5508504d0037edcac6f025bc,121.466633,31.233034
49e6c72e432b600595ca0762,121.450296,31.226142
52335d5c0f9fba7cf4eafc38,121.483304,31.245471
0fa4bc58a150997c2cb96d65,121.4876,31.240107
a0f050923c3ce69b61685812,121.485046,31.245639
f962a886fdbd2fac7369d34a,121.484262,31.219422
803708f153f146040089729b,121.52356,31.221873
cbd8690b4fe2362aeb56fa35,121.527957,31.23873
4bb049d95665514699005047,121.538062,31.222957
985a26c89f3ed448ae080f14,121.527514,31.220076
fcdd5decc6cea18200ff2da0,121.528123,31.220517
7f6f39e9ce59ee0edc1e525d,121.528586,31.221826
81d6a5098da109416e20b945,121.528083,31.220253
e889a7444ff58ecb8705bfb8,121.536983,31.221224
09b8d1bc944776b5df1e5288,121.517916,31.242081
a13276c4a1d010212cb17e07,121.554123,31.230698
64e27c2335e392c1871541e5,121.61482,31.225121
8fde79ccab6d74be95ca0745,121.61055,31.248909
34059f9738c1da2970455b9b,121.615217,31.248548
72aa2513d3923246077ce845,121.615482,31.247445
ad2e22d136164e59ae080fdf,121.629937,31.248008
4800cbf8c75be7c26b49f3ab,121.630506,31.249352
3a1910ee0786f033adb22ae3,121.613922,31.245336
4d648b1755002a90b7265520,121.667617,31.236861
ad1a48d22816def57ab55c1b,121.67005,31.240131
c6b049783cfa7ed840e192a8,121.675347,31.243571
5508504d037aeecac7f0257b,121.705139,31.243451
b401b83ad9683fb312882497,121.700346,31.247863
b388f9fd450b8840b35c6a7b,121.697706,31.249435
480b24d0316151f09cec2b7b,121.712063,31.24851
f535d234e8620ef26849f3d2,121.685819,31.230345
eef2d528d09f11a63be4a67e,121.69887,31.221737
951a4e2941b377e5c16c1400,121.152469,31.25549
44207646d86b6468deee8b10,121.156329,31.252955
06d2dffd5cbd85f788f15de1,121.233815,31.28041
b9e5d0b8fa38ffbd80a12e99,121.296453,31.276059
7e9ca5a62142153a2811d1c2,121.284728,31.267288
49e29acf220c7f639cec2b66,121.284957,31.268003
e3efdbd0a1b982a1a1d2303d,121.328935,31.255989
59397cdcb6ad11da4207c1c3,121.322085,31.262459
aa34492c0c9ad0a2acee7af3,121.375885,31.274377
6deee30820a0ff6b29fc48f8,121.375613,31.272584
c353423f5c1a940317b54bc6,121.359913,31.262217
b8e1fb22171525ccb04c49b5,121.380507,31.273438
cff74d40ee22c9aa7369d336,121.367575,31.25827
8282fb0fe61e66f88415412b,121.376739,31.256669
b721bf7664bcac3d3f9a5e61,121.349195,31.260044
f1bbb40b231216cf6e20b9d7,121.348938,31.259475
e3e2cd9d259f569dc7f50d59,121.376573,31.256678
d448688ecb27f8d7a2046414,121.378218,31.269441
c15bcde351c96fd80ab93adf,121.379768,31.270776
c1091267cc1a794f88f15d88,121.398761,31.259221
251374c99415fa3ea11de9f6,121.388497,31.277463
6ac2b49186cf1e4725d2bb64,121.421533,31.2652
8fa3e037340a6a0fc9fa5f93,121.396712,31.273051
1ba96f7bbbf0e4ac1d58001d,121.426915,31.270533
7978420a981ad4cc0c0a70e2,121.403978,31.273048
56e88cba595f4964a4c756f1,121.426907,31.270248
b289d8a01faf185179b55c57,121.394974,31.275228
df293997dc786084626858c6,121.40074,31.280155
9d2b60051c2bb4746fc02ce7,121.421104,31.272814
6fddd7fdb6082c7e3517dcc5,121.428201,31.2684
433e08c8b70532fcce06a479,121.389275,31.268811
0a2a349c2dd157750bccdd8b,121.421268,31.273333
d991e116063cd1561f38947a,121.386888,31.272034
eff74dbe10a247935b109357,121.390188,31.27866
6ae765c94bf46bf188fc06ea,121.389606,31.269081
25a18dc43ad40812abf72983,121.454171,31.269238
16deb82f963fab1d0482c2a5,121.45107,31.272945
3f9337d645b0ddb2f72310ee,121.450534,31.273008
67126f71b0a60dee7dc8766c,121.4481,31.265305
ebe96b5b42da4860bb17e783,121.455356,31.275029
c41589549c98f588ee74f869,121.458634,31.271863
6d005de054d7fb7d43afe608,121.460228,31.264737
e877c40b2a951ed4b5147fb2,121.449851,31.274753
0f44342c0116391814c8f6ef,121.45898,31.274337
cde9e2c7e41184b5e81e97ef,121.467554,31.268777
a2e25d2b06cee47a9a0050e0,121.43901,31.284695
ad214c9e39a17c318bb988f5,121.452148,31.263489
0058610840dcf0db46e274d2,121.465166,31.273504
80c314605bfe294688f15d25,121.436932,31.281099
850815e125ab249a43e192ef,121.445203,31.285127
e2f4015afb28561c047ce82d,121.438256,31.284311
f2036e2b0251e90b2bb97c3b,121.466899,31.270301
84d28db61a9a5ad76c3e1b2f,121.486826,31.272571
7b1e9aa296466620d92f2855,121.474798,31.274755
bff8fa7dd95735a1c8213d21,121.500708,31.269985
e1630f5078925a98100daa57,121.49466,31.272539
7fd723115e848ee25cbe8605,121.479641,31.265488
214a93130e681bfd33169b67,121.483388,31.266387
8cb6d4032117ec27b72655f9,121.496092,31.261226
6e27b5270bb0e3bbfea778cc,121.503045,31.265771
251374c99549fb3ea11de932,121.5127,31.266858
d5c5a0e5b360b84feedfca21,121.485256,31.279378
f633606a2661574f0b69d933,121.497834,31.260759
f5e3bcaeede9d1bf5f17c38e,121.482136,31.278163
00dc0e109c5e8d854e776ee9,121.481859,31.278729
40ffaca36e0c45ca5c0d0245,121.481546,31.27839
d4034eb3b6f3ebf7c0364420,121.488618,31.256778
2e4aee2e9c182f7938221cee,121.481313,31.278321
2fd2beab9ea79f4b7bdbd2a5,121.512337,31.273795
c8670a50c9059caf58109334,121.496662,31.261044
82b1f8cde10155d9b9df8f88,121.49838,31.260161
b4a7aac2480b056214c8f6ea,121.496741,31.256271
390018f9b0e68df625d2bb30,121.47412,31.268835
ab9a651c8826216993114cc4,121.48165,31.278976
d0ac57857c11a93b06fef5eb,121.498589,31.256653
aad3b25d29019ecfe8e58275,121.500039,31.277433
fb15154aebdffbc309b93ace,121.507107,31.262014
2ca8aa959ed8ea295cbe8687,121.47921,31.27687
df1aedffcf0b846ef2193744,121.512102,31.273477
4160edfd5e797a881d1d1160,121.507417,31.280327
0b33dc09a35283529c82ea32,121.488643,31.256875
9dc359fbc2d0108802ec015e,121.479834,31.277157
da0b1276f0c9050e9022e043,121.530368,31.278599
d991e1166a87cd541f3894cd,121.538918,31.266936
d9da9a5f0e79989548cc4ae3,121.532928,31.264327
72aa2513fa002944077ce8d5,121.531247,31.269799
ebd6c94e3c10ec441288245f,121.538237,31.278434
50fb64ff3634225ce9f853cf,121.53187,31.272799
0ed20a157e38a19657bfffcc,121.523959,31.259948
bfb0d489e1b5dff245e274a7,121.540103,31.27773
7d5f3a0a3068504a2cb908cf,121.543126,31.270043
1f12b2aba67f217443ab9a85,121.539734,31.273977
2388c3285b5214ed14c8f62f,121.525681,31.280414
3989d9ddd379595c128824ef,121.539405,31.273166
9d9147e86ecc3b16e60738e3,121.531621,31.280136
7fd27bfb241f0c6af8f0cb39,121.537182,31.265464
232c0e944474f23081288a5e,121.539909,31.273482
50fb64ff3635225ce9f853cc,121.534017,31.263011
06d7b1862397d39f40024513,121.525955,31.279721
b9ea9b42b322583c9222e087,121.549063,31.271094
fa017c42db3ff7a0d6b74efd,121.535376,31.278969
ddf52e1a73f0dfd61df74d1d,121.538876,31.273525
30f3f80b3a89324eeaf85349,121.545913,31.281886
680fb70345e6589f8bb98811,121.518107,31.260639
b8b9fc25baec79be5e0d0299,121.539918,31.273991
39d43f82cf60329fa8059d05,121.554132,31.270682
2945b54dc7eecbd74c3a59fd,121.514242,31.271932
e1e8510d5eafcd82704b873a,121.556693,31.27413
c61bd3051990256bc27da213,121.559718,31.279546
08fc93df22a81d909b68b475,121.562723,31.283176
4836b0748ecc31c4a1d2300f,121.58486,31.278352
e9cfb051f17af8916e20b902,121.62571,31.267162
d0b8923fc331579cb4f42fae,121.612294,31.267208
d4034eb30383a4efc036440b,121.627298,31.26816
2b9cf3dc2331b3324107c1f1,121.627213,31.260638
20fc05028e25c63d725e80a0,121.62654,31.262588
1020060fdf27aea71894c66c,121.621202,31.257823
f11277b327a9bd082902e18a,121.628418,31.261906
a7a29ce058242ed4f03cbaf4,121.629977,31.254501
8eb48fa1f3b717a7f32d836c,121.624232,31.259458
084027653c032ae3940319cb,121.632418,31.258863
a1418eb432d54e7eebe5826c,121.630199,31.26015
cc0849a07c0324519403196b,121.636592,31.277624
8fa14fc3ad6e0f6ff7eafc6c,121.622957,31.258034
11953d17094981f041d63e31,121.631043,31.261963
a810bac60aadd7fad13ce3d2,121.680849,31.270203
07be77e72d59284a1894c6bc,121.662366,31.270845
4ce3f6e86ed7c5932dfaa76c,121.187447,31.318427
195f2a9fa24cc8df1fe9994d,121.27955,31.304024
c72958dc8caa4ab16b49f3c4,121.298858,31.302383
31eab9d06f805208631c6747,121.265423,31.306528
56e88cbabd8d5566a5c756a0,121.333503,31.307005
c7d3de6ee30d1ca43a04b1ea,121.319057,31.305599
f5e3bcae4ef676bc5f17c38d,121.309793,31.303531
770f58b6632d55101ee99941,121.310132,31.303838
bd5046e8f3dbd540d62ce29e,121.312536,31.295697
37a537c9a8c831610b69d9b8,121.307825,31.303
69cd7ad563c71d57e812e4c0,121.307819,31.303059
3e3faf7b326d6623774ff1a6,121.310286,31.302844
c7eca12b1f451236e015f99f,121.338727,31.311454
f6268d660f67be450a5cb3b3,121.363032,31.303616
f51d80c2ec7389c0c7f025e0,121.377957,31.298852
2dc2c39cd455e101ea56facd,121.358385,31.317802
5f36394c0869ddeff4b916f6,121.356134,31.316335
3a6817c18083b481715e8009,121.35916,31.304944
590625db450c9427e812e400,121.351474,31.31439
33fbfa8326de48bf0af5eba3,121.349174,31.311736
32c1a1e90e92566ab35c6abb,121.350467,31.30985
d9fd43b8df32ff37c929155c,121.358205,31.311261
0ce65c2daff5b9582d4733f8,121.377648,31.29104
f93304a3cdd50bec54bfffc5,121.41344,31.304601
e3e2cd9d4eb07de2c7f50d77,121.403141,31.308272
680fb7034507589f8bb98876,121.403801,31.316807
e1a71d417d6f9e48a2d2309b,121.404699,31.293552
11b05384da939912a11de9b7,121.417356,31.302382
13f9a6a063b619d958f6be24,121.416145,31.304912
9ea31716fe8747e3f42310c2,121.401938,31.316974
550fd5f9bafba678931fc9ef,121.42769,31.299788
4fa50d93fbe638224afc8d1b,121.414585,31.319818
070bbc00158e72a81188243f,121.452231,31.295672
060f5e532fece4d6081cc7ee,121.443281,31.304538
64005e5445197f766018094f,121.441689,31.294819
fa01e937cf00354b774ff1ee,121.452751,31.305655
68e8a76ba1c32a96abf72970,121.452521,31.295665
47b5996faa2c9490b64f54e1,121.447084,31.29977
65f7404fb8afdcae6b49f31e,121.452419,31.301778
629844c68bbc22664d2fdf78,121.454548,31.306386
02509b1e9808bc9247e27499,121.45279,31.304855
8351f7618a41bc1eb45f1e46,121.44366,31.299201
189520e2b9212dbc8e772702,121.446405,31.301431
cd1b60a802f745df09a8d41c,121.467055,31.299755
2eabb6f952669e8e03ec0148,121.453821,31.305029
79e5582b7f2bde4e9fec2b4d,121.449386,31.297082
5cedc80d4c6be07717948ef3,121.458332,31.311297
a12baa40a57d1d57e856faee,121.448556,31.292144
da441406b1a041f89f09f718,121.4503,31.290847
e1a9381f72ff5bc62b02e1b4,121.455529,31.289902
9d3985e3ca950148902ca319,121.447568,31.289574
ee1001488508f3aa6fa3ccae,121.448047,31.293428
b33df7a042321b5dadcb6659,121.455048,31.293459
1ea3fde9d95ff103e6e9650d,121.449018,31.291722
9fbfeef28234bd38ece4a580,121.490982,31.300533
fd1d9453e664ccdb29fc48d4,121.497955,31.296995
2d4d0507a3131017f4b916c6,121.495856,31.301469
cbbdf9535b93fa97b05c6a62,121.497812,31.304435
5318eb4bf8172021283a9f09,121.490853,31.296964
764672e5efd317ac95ec849c,121.475726,31.310536
d6701e943f28fc7cafee7aff,121.489198,31.29663
501fde69aa664faa0b69d963,121.499877,31.29893
7388dffd512e6a95d2ff23a9,121.494117,31.296246
eb36750357e1e31a00ec01cc,121.506874,31.308985
34e48508db5ee9e3d8d89121,121.488988,31.29343
af80eb54fa93ca02343a717f,121.504221,31.297342
76765fb974bc2e30b05c6ab2,121.505872,31.296299
743a52c45f877293ebe5823e,121.495781,31.29722
5b1808692b523ed43904b148,121.486342,31.292384
53265303d48f1f951df74df3,121.49239,31.319345
c21db9e59fd38e8000ff2d77,121.477303,31.311011
2848ffd6d1c34f0e48cc4a20,121.50678,31.299292
925c550f5d2c3cb35a3ac8cf,121.507228,31.309351
2a7a25ec3d43d7626c3e1b21,121.472038,31.298416
504d6113c7ca00aa4657263f,121.506018,31.30028
ce453bf219884def0c0e6b57,121.512656,31.307611
6e78c76895cb8aac095cb327,121.505166,31.2959
21312d79768465cb9122e0d6,121.533239,31.292872
7c7e2f83f69485a08bf15db1,121.531847,31.299874
96f55fdff700c64ec9e33cfb,121.531008,31.299691
a496ab817b5ce409cc06a40a,121.540664,31.290678
060f5e532ecee5d6081cc7cc,121.553493,31.303092
d7b0f1ceefe2c39d60180942,121.526386,31.302488
d7fd2ad323e744290accddb8,121.526051,31.303727
f4a33da95ad444743110afb5,121.529274,31.320212
631c4157e127491c30f71db4,121.54817,31.289635
a7c56ee0e9b78dcea3acc404,121.517391,31.310883
ceb1f9a01ab137ea71210b4b,121.517855,31.309931
b7a9f1bb56c43b2d45e274f2,121.516315,31.309955
c6219ad0d1a3f1cc88b988eb,121.517854,31.30993
913c4bc7fb3555e69868b4c6,121.557504,31.299208
ef773a0f6f8fff49230220b4,121.561111,31.311927
801a2becb29b98eec26c1427,121.569192,31.290287
31f9101b7337f8c727e0a0b3,121.620053,31.311106
a1418eb41cb86401eae58286,121.613727,31.311462
79cceb364a7569881e58006e,121.627876,31.311149
92b806d22ee46d8078b55c81,121.623474,31.318125
ce358a08d66ed45849fd3f49,121.615009,31.300264
504d6113d84611cd475726ae,121.623464,31.315782
cc788fde38baea8b88fc066e,121.626603,31.314652
eb3675035643e21a00ec016e,121.622984,31.311129
da83cbe09fda717c43afe68f,121.62342,31.313501
75036835f09cd6d15f0d02a0,121.627466,31.318122
41572e00fb4fd0b7b45f1e0c,121.620123,31.318155
8fde79ccab4074be95ca076e,121.62745,31.313461
a5c588b75cf10e15a1d230a5,121.625781,31.31018
908be46bd50f4f3a8605bf63,121.629821,31.310691
ed115cbceed8b48f0b69d923,121.62621,31.31749
c48bbf0a5c919fefede4a5a1,121.630163,31.311753
2cc3c8e86e4061d74d2fdf6d,121.617125,31.318088
c449b9ca0336286a4f3a5975,121.618255,31.305604
81d6a5098d8309416e20b96b,121.660709,31.291793
af88851e0096b052e01103c0,121.652451,31.290244
39b5fcf78bd10a0b16a19014,121.207832,31.334411
60757939ef4061afa1046443,121.19484,31.351311
25c4ec68781b556681a12e20,121.191968,31.35084
ef8011044b4c19a98bdb7390,121.238806,31.322567
cc8c7624a1bce3e3ab0dd8d8,121.253261,31.331419
61085211da0c90dfc41b758a,121.274408,31.336133
a05cc8170c2ab6f540ab9a95,121.274959,31.331088
4a57344de8ebf3080f0e6bc1,121.297804,31.338559
2ad32cc3a7fcddf19c95de8b,121.312575,31.339247
c879fa016c7f4a34c909f057,121.339658,31.33201
04b73d8bf557ac5eb5147fba,121.33247,31.32778
8ab0dfc43fa47017d9eced92,121.309767,31.348381
9576a5121240bd111df74d8f,121.33051,31.335238
844fbc62881dbfc42811d165,121.315632,31.347946
cd9d05dd355938b784420e9e,121.338043,31.329052
bba873880df3efddbda8228d,121.352428,31.323109
9fbfeef2ec5e9b38ede4a56a,121.358043,31.322617
edd64ce1efe8d0ec3ee2318d,121.346987,31.336705
6e05f1d0de8b45c235b06cb4,121.351143,31.32479
48eb0058546552ac2fe67b77,121.448444,31.334173
4ea3f2f17d8718abaecb6664,121.457033,31.352205
b493a150fa79096fddee8b42,121.442784,31.346455
341c35dec744b7bfe6073877,121.434143,31.326939
2711292b15ff28d3c72ba15f,121.44277,31.345959
8964a048fc6d6e658b2fb525,121.442861,31.345791
bf34da508f5987cfaa059d6e,121.44686,31.350251
932abd69f8b17c5e00ff2d73,121.436017,31.347098
9a83dd51701f6f7c3617dccb,121.441121,31.351482
62fcafee660dd72b250bd056,121.442327,31.351933
e1aeb661f4581ec6f7b916b0,121.438077,31.345423
5268b36d0286fb3a0e3dda82,121.468178,31.34545
24a2af5515d53280d5b74e07,121.491209,31.339027
ab77ddc1b97650ccb04c4924,121.475024,31.338597
8ab0dfc43dcc7217d8eced6a,121.476935,31.345784
3d9a823cdf2d84331288245d,121.474956,31.338758
36915a1bc18bc88fd23ce34f,121.475446,31.338667
defa3c90b0b61f33c61b750f,121.490552,31.323672
d553db2fb23c5a5c07fef5cf,121.475428,31.33876
77337a98aa7a9de48e77278c,121.475041,31.338051
ffdab65bfb20f011b817e7eb,121.474944,31.339182
95dc09fb2246a6191e1d118a,121.474694,31.338429
6aef00ffbd61882b9222e075,121.475864,31.338923
89237bd645228ba7f403b8ac,121.47541,31.338992
84dc652665856607213bf2bb,121.475437,31.338883
6d96f904113588c86cc02c48,121.495508,31.326553
2d217bf3563a3cde4c3a5912,121.475068,31.337919
2fd2beabc49db92e7adbd274,121.48475,31.352231
53265303d48f1f951df74df3,121.49239,31.319345
924972151bd1dbb03a04b17c,121.501489,31.345221
906a7cdb9ebbd5a9132935cd,121.503814,31.345856
2f47c24b5f9993002b06ce4b,121.496609,31.326477
35debf29fb5f303aa6da3942,121.535214,31.334447
d6ee8724064392e1a8f0cdcf,121.541243,31.336982
0ecb0eaf720c4b9f14b54b6a,121.53038,31.327126
1520041c056fc1d84e2fdfba,121.5268,31.325648
f4a33da95ad444743110afb5,121.529274,31.320212
49d95938074bdc42c61e5133,121.572559,31.326431
669775d009324727fc0eb0b5,121.588105,31.325417
b7021bf82f51f5fbf4e73b6c,121.619907,31.33331
b9ecc7a7bf6e3d9c3a04b1ad,121.620231,31.330535
20887d395d9c353e6140a901,121.621986,31.324567
79cceb364a7c69881e580061,121.607022,31.338372
1bf85b25873208a5a1a9346c,121.616115,31.331668
b9e5d0b8fb40fcbd81a12e61,121.601333,31.343109
38e480370c96da37373a7174,121.615223,31.338591
6d79a6f6c190c4f6471a320c,121.608702,31.333458
72b877dcd1f48fda1b94c68e,121.611267,31.338855
6d6b8c57f8ed2ae47ab55c4d,121.602002,31.344769
0c29a8fcac95b3a745e274f4,121.622429,31.331029
2f14a98599280d4262685822,121.611559,31.337425
91dabd618d9bcdae4207c11e,121.621759,31.331071
ead2450608a900c64151c0da,121.625247,31.326978
426a89b2a44597babe484226,121.616135,31.330921
b249c2f19cfdd509220262ec,121.604764,31.341559
4c865b730ebba558b8bd631d,121.612008,31.321602
ca2637cf2eff6c84e856fa22,121.62589,31.321243
d38004d56c0da1583913fd62,121.601759,31.341375
24d055088689efd2128824db,121.175972,31.376472
bda425aa70dec7c9306212eb,121.215074,31.373813
9674d18d0de6b28fc4effb30,121.22393,31.363197
64a578aaa6a348420aa8d42e,121.25093,31.363943
6835e3a7c61fa14fe2110394,121.254554,31.367936
af1ae56b06c9306f4307c1b1,121.246896,31.367544
a1ed73f283ecbbf4f60e77ed,121.228035,31.363875
5ab265648b10bed872210ba2,121.234295,31.359462
6ee1efefa9a0c599882fb55a,121.238752,31.360834
87248d961a4e57b22906ce92,121.282832,31.373162
79a749e08910a307b75f1ef0,121.282903,31.381966
550fd5f9b91fa578921fc993,121.28073,31.381446
a3f21eeeed554e452eb17e8d,121.335766,31.360145
606ab0d0c2e6f42b0f3dda8c,121.310749,31.360355
b3aa435d81f8410a1476438d,121.31407,31.356823
eef9dd6572dee3168d7727d1,121.304451,31.361132
8ab0dfc43dd97217d8eced71,121.376117,31.377511
e9802e1c96f3a06ce5e9658a,121.381046,31.369242
8a7629f79a7c7b7edb1318d1,121.378488,31.373352
fa835ce2ebceeab5e812e42f,121.414866,31.367896
117fc9b718cbde53047ce878,121.451501,31.363017
67f67cfa4fb52f5c1b94c6a5,121.444955,31.361967
b6181b1e8cabec6fab175a22,121.447423,31.380894
93868fafa905488e2fb96d5d,121.43971,31.35934
384704bb40fedd231c3894a4,121.438896,31.368408
18165334819f9205fb2d6164,121.500688,31.370479
6deccd85c7cf67c3fbdc8557,121.502661,31.375189
460e2bd31368f86e9e9d6816,121.494391,31.373095
4211eee8ac76133d0482c27e,121.500804,31.356119
770944e91a58332ee31103ee,121.476092,31.369951
bae0bec2b5714cdd2b11d17f,121.503072,31.356202
f1dcddfa39720d9d15a1906d,121.494236,31.373152
1dd878ca770768124154d776,121.502823,31.371588
22e114076490e2b5d5b74e66,121.563525,31.376347
b189da8d9d540d3583a00c2b,121.761136,31.363477
d37fba8c76f40f7b62685895,121.762736,31.362122
7c667b79478a66828505bf48,121.179953,31.39634
23939e39ac8d055e26e0a023,121.1753,31.403633
960c286d64338e45f82d611f,121.225371,31.41566
dde6741b405b78341029359b,121.244977,31.387888
34f68ab05eabbd748f55ec6c,121.280953,31.406245
6dec626274852e552db96da7,121.272647,31.41652
919102e34840a7add8eced1a,121.401956,31.402206
5004fb17748faf4cfbdc85c2,121.460285,31.399234
6740540e81cc175b46e27462,121.461772,31.390407
99a225980e6d306ee31103ae,121.492927,31.388589
2b53d170e76fb0a6246e98e6,121.482422,31.405497
d4f51459ab1e511a4054d7cc,121.481869,31.405511
f2d8b3cfaeb7a04d33621227,121.491216,31.395277
dd98488406186a1b276e984f,121.485463,31.411028
35af7a0555d309b31df74d39,121.144162,31.422845
a52c154acff527b29868b461,121.191731,31.439067
1211c5175adf6f59100daade,121.206753,31.423655
a148635b3e633fa2b020a8f3,121.191155,31.439489
2b573497476cbcd4b13c81c5,121.205702,31.426705
5083e3d75b2703fc018972b5,121.210399,31.442816
6acd28ce01937b5388b988a6,121.190962,31.43962
a0a5a1287c6a3ea9acee7ade,121.203393,31.42559
75f31a71b8ebc4b60b69d906,121.19127,31.439793
ca32443346b5678796ca07ae,121.282146,31.439853
fa229a8f24733937a11de9e8,121.328489,31.449428
4e470bbfffbf17dc16c8f61c,121.304903,31.441618
8fa14fc3873b2510f6eafcbe,121.415566,31.440236
